MrotInHour,Salary,Class
13,3787,0
3,20226,1
7,15440,1
3,7359,1
5,8182,1
6,23028,1
13,11949,1
12,17785,1
13,6854,1
5,12704,1
10,2072,0
4,16967,1
14,2615,0
9,4751,1
13,6325,1
7,18371,1
10,11529,1
11,15802,1
9,2032,0
11,12852,1
5,7291,1
2,16721,1
10,9605,1
7,23477,1
5,12174,1
12,15173,1
3,4794,1
14,13163,1
14,20661,1
8,1802,0
5,12396,1
9,20519,1
7,14828,1
10,12551,1
3,15148,1
12,5370,0
13,344,0
14,11173,1
2,17741,1
5,18625,1
7,494,0
12,3157,0
8,16265,1
12,14536,1
12,8406,1
14,6854,1
12,1986,0
6,7625,1
10,7164,1
11,4451,0
7,19299,1
9,16149,1
9,1767,0
11,14938,1
10,21984,1
3,3062,1
13,15628,1
10,9646,1
8,14336,1
9,23122,1
5,9083,1
2,21698,1
14,3243,0
10,3778,0
9,4836,1
5,21421,1
2,8799,1
5,9171,1
7,22790,1
10,24390,1
12,7318,1
6,10547,1
14,24535,1
7,15327,1
4,8411,1
12,16338,1
13,1205,0
7,5628,1
10,12724,1
11,20339,1
3,3961,1
6,22277,1
13,24632,1
9,6453,1
8,23726,1
2,9804,1
6,7409,1
4,12652,1
2,23992,1
14,10923,1
2,16289,1
5,2710,1
13,11786,1
12,3896,0
10,10171,1
5,24012,1
7,5689,1
6,4689,1
5,4651,1
2,20634,1
13,21377,1
12,11804,1
9,3724,0
7,1221,0
14,13341,1
3,23812,1
5,18432,1
7,4191,1
2,5875,1
10,19205,1
13,6613,1
11,1165,0
8,24162,1
9,4548,1
12,19658,1
2,8219,1
8,13798,1
14,14576,1
13,23146,1
9,7178,1
6,834,0
9,21664,1
13,23840,1
6,23214,1
11,8024,1
12,21963,1
3,7701,1
12,3323,0
12,11957,1
6,16935,1
6,9568,1
6,10837,1
9,14316,1
14,18456,1
11,14685,1
10,5083,1
13,23383,1
2,3763,1
8,4796,1
10,13669,1
10,10419,1
13,23771,1
13,20233,1
12,5626,0
8,12319,1
5,8147,1
2,14588,1
4,18212,1
11,2875,0
14,17333,1
4,8780,1
6,13069,1
10,8465,1
10,8147,1
4,22631,1
7,14661,1
12,4105,0
7,9607,1
11,13786,1
2,6318,1
8,6681,1
8,4365,1
12,24231,1
13,3676,0
10,4263,0
5,22805,1
5,8387,1
4,3003,1
11,20227,1
13,13351,1
12,14871,1
2,24211,1
13,6630,1
3,5273,1
5,4934,1
7,13321,1
7,23419,1
3,11468,1
10,15164,1
11,3656,0
9,17899,1
11,9547,1
2,19136,1
12,20631,1
8,22058,1
11,20420,1
9,3656,0
3,22173,1
13,21031,1
8,10954,1
6,11547,1
13,6774,1
13,20227,1
7,14774,1
3,6311,1
10,6242,1
2,11412,1
11,20262,1
2,21302,1
6,11898,1
4,10672,1
5,19850,1
6,14526,1
12,18305,1
11,10586,1
12,11638,1
7,12918,1
7,20921,1
4,5300,1
6,3542,1
5,15286,1
4,14402,1
8,13818,1
5,8206,1
2,7850,1
7,14825,1
8,2759,0
11,24205,1
7,15319,1
11,23503,1
14,3963,0
4,19480,1
3,3970,1
2,14374,1
9,657,0
2,21706,1
10,19794,1
7,3304,0
14,23576,1
8,8798,1
8,5176,1
7,20606,1
14,17936,1
6,16880,1
12,3911,0
9,17066,1
6,20489,1
13,3180,0
9,1342,0
4,20436,1
9,24956,1
10,21768,1
11,1135,0
7,4045,1
2,4706,1
10,21334,1
13,21029,1
4,6142,1
5,10867,1
8,18112,1
14,1958,0
2,17573,1
4,17413,1
2,18380,1
12,13047,1
8,23080,1
6,1755,0
7,3272,0
14,18291,1
5,12991,1
8,22592,1
6,16655,1
4,8545,1
12,15032,1
4,20877,1
4,5071,1
7,3236,0
11,19337,1
4,21522,1
12,22109,1
2,7907,1
10,24159,1
3,14166,1
8,9352,1
7,12472,1
9,9718,1
13,18126,1
13,15198,1
5,20049,1
12,2716,0
8,11248,1
2,8463,1
7,22510,1
10,12527,1
3,11964,1
4,12931,1
7,12753,1
3,15776,1
14,6259,0
14,19628,1
13,10766,1
13,22165,1
7,5219,1
2,18232,1
5,17768,1
4,19543,1
7,3391,1
6,1327,0
9,10534,1
13,22526,1
4,15227,1
6,10238,1
14,18882,1
8,1329,0
9,6258,1
6,6821,1
11,22610,1
11,21195,1
4,17851,1
14,12965,1
4,20823,1
11,1774,0
11,7140,1
12,20486,1
3,7663,1
14,6052,0
4,17600,1
6,3512,1
2,3266,1
3,925,0
2,3363,1
13,19495,1
7,3606,1
12,14416,1
7,10639,1
7,11801,1
6,9788,1
10,5622,1
14,12843,1
13,11174,1
10,15446,1
3,3890,1
11,2718,0
10,5980,1
6,16306,1
6,20526,1
9,24812,1
13,12452,1
2,6494,1
8,16075,1
10,4187,0
8,16763,1
6,17526,1
8,22259,1
3,12626,1
11,11426,1
3,4501,1
13,10909,1
13,20396,1
4,3867,1
3,5386,1
13,14607,1
3,18084,1
7,9888,1
11,21025,1
12,17149,1
11,18482,1
13,16536,1
8,1112,0
8,16833,1
7,9897,1
14,22279,1
13,3178,0
2,23425,1
13,14119,1
8,6268,1
14,1063,0
2,13556,1
3,8279,1
2,13894,1
12,15291,1
3,10776,1
2,17775,1
2,13804,1
9,17055,1
6,8469,1
8,2918,0
3,542,0
8,1544,0
5,761,0
6,22207,1
3,13529,1
14,6310,0
6,4781,1
11,13129,1
7,23006,1
5,9811,1
10,6770,1
5,10993,1
12,11912,1
10,19423,1
7,24778,1
12,9798,1
6,474,0
2,21083,1
4,5127,1
13,15678,1
13,20303,1
6,16852,1
8,20107,1
14,20822,1
7,1746,0
3,16241,1
6,13950,1
10,23760,1
14,4713,0
5,11728,1
13,8410,1
12,24300,1
10,18331,1
14,8772,1
4,4881,1
13,23343,1
7,9034,1
11,5897,1
12,22704,1
5,11073,1
9,17485,1
8,24845,1
6,15982,1
10,8900,1
6,14478,1
12,22909,1
8,13471,1
11,17764,1
2,15610,1
13,10204,1
2,22475,1
4,4149,1
6,23150,1
6,3926,1
9,13627,1
6,15324,1
4,8449,1
12,20691,1
11,23595,1
7,16932,1
5,11385,1
12,9659,1
12,21273,1
6,7339,1
14,7614,1
11,2025,0
2,23085,1
12,873,0
14,17451,1
10,24633,1
12,24299,1
5,9039,1
13,18780,1
10,386,0
14,9897,1
13,5138,0
8,24009,1
2,14314,1
4,10588,1
3,4864,1
4,24749,1
7,12511,1
4,3136,1
4,5621,1
9,4732,1
8,6655,1
6,13250,1
14,3176,0
12,22669,1
10,21294,1
3,8823,1
2,2366,1
10,19471,1
2,13718,1
11,8579,1
8,15694,1
7,20771,1
14,20581,1
8,14445,1
4,10353,1
5,12516,1
7,15404,1
10,16551,1
8,15686,1
8,11817,1
14,17040,1
14,683,0
3,15772,1
7,9371,1
13,15899,1
2,15268,1
6,23987,1
10,18216,1
6,8107,1
5,16082,1
6,23231,1
8,14306,1
6,3129,1
2,16746,1
9,16534,1
11,11285,1
10,11239,1
5,13043,1
3,23188,1
6,6885,1
7,2276,0
14,8306,1
11,20743,1
2,1223,1
6,7657,1
7,23264,1
10,15961,1
4,9081,1
11,17208,1
6,18827,1
8,1449,0
3,23787,1
10,13824,1
5,24262,1
13,13390,1
7,2333,0
5,4134,1
12,13891,1
12,22522,1
5,23732,1
3,18993,1
8,18500,1
6,21297,1
13,3758,0
12,23136,1
10,12784,1
3,18337,1
5,5245,1
10,6611,1
8,1416,0
9,19110,1
13,3002,0
8,3799,0
8,14319,1
8,20921,1
6,16384,1
12,20750,1
13,19414,1
11,19308,1
9,913,0
8,7411,1
9,1506,0
3,19786,1
14,5622,0
6,19828,1
4,9714,1
9,5955,1
14,23694,1
5,3108,1
12,13509,1
2,2587,1
6,23959,1
7,13792,1
7,18118,1
4,10772,1
7,674,0
3,15221,1
3,1590,1
9,19628,1
2,21351,1
7,1848,0
3,7768,1
3,20434,1
5,3753,1
14,17217,1
6,1157,0
4,7603,1
11,24500,1
4,1335,0
14,835,0
5,14445,1
8,7917,1
7,20697,1
9,6495,1
6,17634,1
8,22163,1
10,18069,1
4,17051,1
10,12897,1
4,10590,1
13,12030,1
13,20185,1
5,22556,1
5,5984,1
4,17797,1
7,18833,1
7,21207,1
4,7853,1
2,5098,1
2,588,0
9,3002,0
4,20856,1
7,23408,1
7,22110,1
6,8767,1
4,9317,1
11,7250,1
6,12511,1
7,8220,1
8,23560,1
4,1814,0
7,13366,1
7,3337,0
14,11728,1
6,3844,1
9,9934,1
12,9584,1
10,20005,1
13,14615,1
12,8961,1
7,6251,1
3,4811,1
8,3040,0
11,18110,1
8,23771,1
9,11288,1
14,20105,1
7,3990,1
3,15396,1
14,22836,1
9,2323,0
2,5638,1
11,3013,0
10,1345,0
4,15074,1
6,13905,1
14,24459,1
3,16019,1
14,24644,1
6,20688,1
2,16920,1
8,6363,1
6,21602,1
4,5091,1
10,2170,0
14,7288,1
10,3428,0
14,20726,1
6,24523,1
8,22358,1
12,8610,1
9,9943,1
2,22617,1
3,6327,1
3,14784,1
2,13093,1
5,347,0
8,21277,1
13,23406,1
6,3004,1
14,18676,1
8,7818,1
9,13446,1
3,367,0
10,8579,1
12,24667,1
7,15241,1
2,17404,1
9,11835,1
10,6047,1
3,5729,1
9,13108,1
12,5486,0
10,2716,0
7,1727,0
3,20462,1
10,3837,0
13,2638,0
9,17508,1
14,24815,1
8,12614,1
5,2519,1
12,18034,1
9,11631,1
3,16515,1
8,22056,1
2,17629,1
6,16986,1
2,22435,1
10,18814,1
7,3279,0
4,1329,0
5,23435,1
9,15509,1
5,7748,1
10,711,0
11,6049,1
11,19365,1
5,10300,1
4,19600,1
7,3218,0
14,11019,1
9,5413,1
4,24494,1
5,8531,1
2,7170,1
4,16589,1
6,11639,1
3,17420,1
12,434,0
2,17975,1
8,21672,1
8,6919,1
4,24168,1
14,18220,1
2,23556,1
12,1363,0
11,1725,0
5,16849,1
7,21638,1
14,993,0
6,986,0
6,6191,1
7,12660,1
13,14841,1
10,20467,1
5,11631,1
14,9818,1
4,6961,1
3,7957,1
3,2469,1
12,20441,1
6,13366,1
9,19042,1
13,21524,1
6,13766,1
13,1141,0
5,5437,1
5,4820,1
10,15769,1
8,15969,1
4,5953,1
5,3538,1
3,21924,1
4,20839,1
9,23994,1
6,13034,1
13,13602,1
5,24751,1
7,5328,1
11,5522,1
12,4856,0
14,18534,1
4,18022,1
14,9062,1
10,15236,1
4,19472,1
2,1906,1
12,6036,1
14,21532,1
6,720,0
4,10570,1
12,23266,1
14,23230,1
6,6024,1
11,6521,1
5,10954,1
10,17467,1
5,6378,1
13,22056,1
9,19452,1
11,18054,1
12,2890,0
14,4075,0
5,492,0
5,12807,1
7,14963,1
5,9207,1
12,17840,1
11,14273,1
9,1538,0
14,5695,0
7,22411,1
3,14129,1
3,19712,1
10,17551,1
7,18320,1
6,6212,1
14,2259,0
13,9456,1
10,23546,1
5,21369,1
12,9147,1
8,17750,1
6,17693,1
11,9464,1
2,18113,1
12,555,0
2,2101,1
2,13330,1
7,10373,1
10,11958,1
12,22994,1
12,12873,1
14,2560,0
5,12366,1
5,24071,1
12,13130,1
13,14254,1
10,9761,1
5,14571,1
11,2735,0
4,11467,1
6,14912,1
8,9086,1
12,7425,1
3,10732,1
14,22525,1
13,4336,0
7,13721,1
13,8278,1
8,13885,1
12,21224,1
13,23393,1
3,11677,1
4,21140,1
14,7626,1
3,9177,1
12,17044,1
5,21857,1
13,5008,0
10,4380,0
13,3589,0
11,23006,1
11,24442,1
5,6225,1
14,4900,0
10,7732,1
4,23969,1
9,18967,1
10,22390,1
5,1693,0
9,7424,1
10,10677,1
11,15252,1
14,6409,0
8,18182,1
8,18029,1
12,9160,1
12,2448,0
13,10872,1
3,16330,1
13,22745,1
11,22876,1
5,13241,1
8,3564,0
12,4359,0
5,6610,1
10,14837,1
13,9963,1
11,22583,1
9,21021,1
2,13727,1
2,6062,1
3,2966,1
2,4966,1
11,3189,0
4,8867,1
7,20561,1
2,9867,1
5,959,0
10,16425,1
12,14119,1
5,15772,1
10,15326,1
3,11134,1
12,18058,1
5,9883,1
14,4501,0
12,9907,1
13,14765,1
3,18981,1
13,18804,1
8,9188,1
6,11561,1
2,8910,1
13,2340,0
10,17154,1
14,9119,1
5,22800,1
6,14196,1
14,8581,1
5,12727,1
7,20863,1
4,17968,1
2,15589,1
4,12243,1
8,17875,1
9,8225,1
5,12854,1
9,16175,1
13,9706,1
4,2199,1
7,12779,1
5,24704,1
11,15800,1
4,1006,0
14,21564,1
10,22758,1
8,18406,1
10,20348,1
6,4995,1
3,11163,1
9,3573,0
5,1898,0
6,17887,1
13,6510,1
14,15169,1
9,7728,1
3,15098,1
9,22536,1
8,3203,0
13,4910,0
11,23394,1
12,8993,1
6,4398,1
8,14780,1
3,1288,0
14,21707,1
10,15796,1
9,17244,1
3,16805,1
11,5152,0
10,20827,1
9,17098,1
5,20741,1
4,9506,1
6,3051,1
7,20732,1
8,22339,1
12,21339,1
10,1219,0
2,17288,1
13,14735,1
12,19401,1
4,16810,1
7,15235,1
7,8532,1
12,3076,0
7,12341,1
14,7025,1
9,13717,1
6,1143,0
14,8991,1
9,4631,1
5,22884,1
14,17977,1
9,14739,1
8,10256,1
11,21066,1
14,13538,1
5,18303,1
13,22572,1
10,10309,1
11,13025,1
2,4672,1
10,5989,1
4,901,0
13,12454,1
4,8657,1
3,23666,1
11,14733,1
13,1945,0
10,5000,1
14,20085,1
14,5731,0
4,16601,1
8,18469,1
2,17833,1
8,1397,0
13,11061,1
2,1367,1
13,4625,0
7,24275,1
2,2682,1
8,14723,1
14,24583,1
7,11474,1
10,13035,1
4,24685,1
4,2597,1
7,24209,1
14,2363,0
12,8643,1
13,11474,1
11,17189,1
2,16207,1
3,21315,1
7,7535,1
5,537,0
9,21025,1
8,3689,0
10,13836,1
4,19458,1
4,13557,1
4,22836,1
11,2705,0
4,4642,1
12,11583,1
4,2839,1
11,6747,1
2,8440,1
4,4758,1
10,20450,1
14,21052,1
11,1867,0
6,2401,0
4,8085,1
4,23879,1
12,861,0
5,20542,1
2,8671,1
3,13660,1
2,9063,1
10,16001,1
6,11723,1
3,6714,1
7,10099,1
8,19801,1
7,6990,1
8,11772,1
5,11868,1
12,9104,1
6,23479,1
14,4710,0
11,16624,1
2,6061,1
6,11087,1
12,22990,1
14,11031,1
12,9275,1
10,16053,1
5,20144,1
9,1241,0
11,20158,1
4,7879,1
5,8165,1
4,22742,1
6,19925,1
3,17851,1
4,1032,0
14,1390,0
3,2362,1
3,15242,1
6,20014,1
12,1454,0
12,10313,1
9,9868,1
6,15285,1
6,13826,1
9,6486,1
2,19003,1
2,3493,1
2,8892,1
6,1157,0
6,10764,1
11,3251,0
2,5783,1
2,18907,1
7,11482,1
12,14994,1
9,16539,1
13,1084,0
3,13156,1
2,12377,1
11,1939,0
10,20780,1
4,2171,1
11,3023,0
5,16374,1
14,4976,0
4,5874,1
11,19331,1
12,10691,1
14,2611,0
6,21695,1
9,10050,1
14,17934,1
13,7724,1
12,972,0
12,2690,0
2,24349,1
13,20246,1
4,7623,1
5,1646,0
6,2665,0
9,1551,0
2,6321,1
5,9737,1
9,10717,1
11,8083,1
5,18403,1
3,5588,1
13,16268,1
6,4391,1
13,17683,1
12,19339,1
6,6711,1
8,769,0
14,16810,1
11,5031,0
9,7780,1
8,4753,1
14,8031,1
9,21871,1
6,16997,1
8,17342,1
12,13329,1
6,17004,1
8,15213,1
14,3470,0
3,12733,1
2,10894,1
7,13379,1
6,16721,1
5,1144,0
10,4495,0
3,18191,1
3,18594,1
12,10394,1
13,19450,1
7,13059,1
14,23170,1
7,15855,1
4,9340,1
6,2232,0
8,6206,1
8,15764,1
6,8202,1
4,24470,1
2,11043,1
8,22453,1
7,13724,1
9,4223,0
10,10298,1
6,3350,1
2,21246,1
4,23021,1
14,17043,1
6,1758,0
10,998,0
7,9004,1
8,17955,1
4,640,0
7,24591,1
14,5071,0
12,10663,1
5,1859,0
8,10422,1
2,13893,1
12,3775,0
6,10614,1
2,2015,1
11,3704,0
4,14186,1
2,6409,1
13,8893,1
11,22097,1
9,13257,1
14,14608,1
7,730,0
7,2596,0
6,18401,1
2,19094,1
14,22858,1
12,14915,1
6,22749,1
13,6576,1
13,20496,1
7,17662,1
14,16444,1
14,12711,1
9,11798,1
6,20898,1
6,21776,1
8,17159,1
6,21924,1
2,12206,1
3,3026,1
3,22056,1
10,2569,0
6,20463,1
7,20020,1
12,5921,1
8,15138,1
8,17400,1
8,12906,1
6,19307,1
5,16660,1
2,20558,1
10,4617,0
12,9337,1
13,7102,1
9,15465,1
8,8562,1
12,5513,0
10,10335,1
3,3712,1
12,3266,0
3,15949,1
4,12411,1
5,5750,1
9,3997,0
12,21175,1
6,21479,1
10,5333,1
10,8196,1
13,4904,0
14,13764,1
14,5783,0
3,19922,1
12,21200,1
2,10110,1
5,24921,1
6,18457,1
14,15944,1
2,9210,1
9,9475,1
9,14341,1
8,1352,0
8,8335,1
11,15574,1
2,17276,1
13,13105,1
4,19079,1
3,14524,1
13,6945,1
10,9110,1
11,18760,1
8,16220,1
2,20246,1
4,23926,1
4,11878,1
7,18804,1
7,23930,1
13,1053,0
6,23852,1
3,21641,1
10,11508,1
11,11408,1
9,24284,1
9,12892,1
7,3934,1
4,17174,1
11,24085,1
2,4490,1
10,19255,1
12,5309,0
5,23227,1
10,20758,1
11,21096,1
13,7446,1
9,5882,1
6,8991,1
12,23259,1
14,8613,1
7,10164,1
12,18283,1
3,6494,1
2,11848,1
5,24838,1
8,10101,1
9,3460,0
4,9578,1
5,2781,1
13,8344,1
6,18597,1
13,12635,1
7,22960,1
14,24454,1
14,5558,0
2,4488,1
12,15788,1
4,3253,1
4,16316,1
13,24420,1
5,14214,1
13,24213,1
2,15024,1
13,24651,1
6,1360,0
6,19819,1
14,15343,1
9,17551,1
8,20936,1
3,12101,1
13,3192,0
2,24497,1
9,9370,1
11,2914,0
4,11761,1
11,11241,1
9,13645,1
13,18411,1
3,15321,1
8,14291,1
13,24233,1
7,13902,1
11,9717,1
14,6289,0
2,2537,1
6,18011,1
11,17412,1
13,21629,1
2,7446,1
2,13349,1
8,21593,1
13,12518,1
4,12588,1
12,8481,1
14,20933,1
11,3679,0
8,22468,1
14,18275,1
11,11255,1
12,24174,1
4,5878,1
12,5459,0
3,9110,1
9,14165,1
7,17924,1
5,23383,1
10,21998,1
5,18399,1
3,4301,1
11,12001,1
8,20752,1
10,23155,1
5,13449,1
4,24304,1
13,9177,1
8,14396,1
11,4609,0
6,7637,1
13,24369,1
10,20132,1
12,23479,1
9,6140,1
2,9540,1
2,5748,1
5,8548,1
7,17816,1
4,24574,1
3,12727,1
7,14535,1
8,21179,1
5,7227,1
6,22357,1
10,15803,1
3,20117,1
8,15619,1
6,809,0
7,9344,1
8,3774,0
2,18270,1
3,22998,1
10,10755,1
13,15510,1
7,21620,1
2,2572,1
10,5734,1
10,23873,1
3,1744,1
4,19174,1
8,8001,1
10,12004,1
10,3663,0
3,553,0
8,4559,1
6,6680,1
8,21691,1
11,1047,0
3,20035,1
11,12542,1
13,7942,1
11,15119,1
12,6607,1
7,573,0
10,23354,1
8,19742,1
6,11869,1
10,16600,1
10,8504,1
12,12388,1
12,9557,1
8,19432,1
3,8950,1
4,12162,1
9,13504,1
9,18939,1
5,21049,1
4,1609,0
7,15735,1
7,8843,1
11,19428,1
12,15539,1
11,19951,1
13,23315,1
6,14370,1
14,2254,0
10,8296,1
4,23376,1
13,19351,1
12,421,0
4,18242,1
13,6199,0
3,22590,1
8,20718,1
13,10503,1
6,16849,1
8,15810,1
4,10741,1
3,18102,1
7,18072,1
13,2715,0
6,23796,1
4,22404,1
11,11866,1
12,6658,1
14,19797,1
12,19628,1
13,15018,1
10,18748,1
13,22104,1
13,22569,1
3,24311,1
6,3945,1
3,15982,1
5,18383,1
12,5375,0
6,7824,1
5,3533,1
10,19730,1
11,5416,1
9,24465,1
6,24189,1
3,2062,1
3,11582,1
13,7068,1
4,11799,1
12,19651,1
5,1337,0
3,23977,1
12,16188,1
4,8946,1
14,9134,1
6,24883,1
13,23940,1
12,18803,1
7,7878,1
4,1352,0
8,5935,1
5,11872,1
3,14031,1
2,11902,1
6,3528,1
8,19124,1
4,24106,1
5,15108,1
5,11357,1
9,11204,1
10,3054,0
4,1010,0
2,9132,1
6,2911,1
8,15469,1
3,12439,1
9,11795,1
2,16606,1
5,12957,1
12,4127,0
14,18501,1
8,22684,1
13,16779,1
9,14654,1
13,20520,1
5,8159,1
4,5848,1
13,12461,1
4,17780,1
5,12378,1
4,11145,1
13,17150,1
5,3727,1
9,6883,1
13,21988,1
12,16632,1
12,10856,1
7,24643,1
8,775,0
12,13464,1
13,12166,1
9,23293,1
12,12204,1
8,13713,1
12,18170,1
14,3698,0
11,4037,0
10,4190,0
9,11786,1
12,13284,1
4,9342,1
8,14426,1
10,13122,1
4,1649,0
10,14138,1
3,8679,1
14,22520,1
11,20014,1
2,22536,1
10,9776,1
14,18002,1
2,8329,1
5,10694,1
6,12381,1
2,9285,1
10,21703,1
8,5686,1
7,21317,1
5,11829,1
10,14209,1
4,1633,0
10,3306,0
6,24483,1
14,15523,1
8,2251,0
13,8672,1
14,19490,1
11,21646,1
4,20153,1
5,1653,0
8,3488,0
9,1387,0
5,19647,1
5,5442,1
13,823,0
2,2643,1
7,2847,0
14,9089,1
12,7662,1
6,5152,1
6,2791,0
10,7887,1
10,3981,0
10,10920,1
4,19926,1
13,14998,1
13,4644,0
8,2095,0
11,555,0
3,8057,1
2,14290,1
6,21156,1
8,7479,1
11,20627,1
9,4903,1
11,18235,1
2,691,0
9,2416,0
2,9409,1
5,22707,1
11,9591,1
12,20299,1
6,23993,1
6,15012,1
2,21764,1
7,24807,1
4,6360,1
2,24544,1
10,22389,1
13,22174,1
6,20034,1
4,8558,1
13,13069,1
9,21240,1
14,10655,1
7,12441,1
11,2527,0
7,13819,1
9,21668,1
10,17419,1
10,21426,1
12,20064,1
6,16184,1
13,1773,0
5,9244,1
14,22535,1
9,7924,1
6,16455,1
6,11865,1
14,10631,1
3,19003,1
10,13668,1
2,13785,1
7,11953,1
3,3050,1
8,880,0
9,8797,1
5,10072,1
9,2336,0
9,1357,0
9,13800,1
4,8148,1
11,6813,1
6,17405,1
8,10676,1
9,16621,1
10,24504,1
3,15296,1
6,19172,1
10,14145,1
10,2713,0
10,15972,1
8,5949,1
6,20396,1
10,6875,1
7,7827,1
2,24041,1
10,9668,1
9,23191,1
10,23729,1
14,13939,1
6,10724,1
7,23920,1
9,15601,1
11,6764,1
6,2295,0
4,22967,1
13,23745,1
12,11060,1
11,18770,1
5,16814,1
2,11542,1
10,18948,1
13,4186,0
4,9701,1
14,10100,1
8,7985,1
10,7143,1
8,20858,1
13,13234,1
12,12793,1
7,588,0
14,3250,0
5,983,0
7,5401,1
6,24841,1
13,10690,1
4,5350,1
12,18363,1
7,15558,1
6,18386,1
9,18064,1
10,651,0
12,22259,1
13,19272,1
7,7358,1
12,13714,1
7,4798,1
7,5849,1
10,13456,1
13,21046,1
2,24331,1
11,3069,0
9,20436,1
10,15613,1
3,22494,1
5,1408,0
9,3657,0
11,20104,1
14,1111,0
13,808,0
6,13009,1
5,7506,1
5,9339,1
2,13650,1
9,24458,1
2,9364,1
8,21498,1
11,4559,0
4,15978,1
6,16114,1
7,10563,1
7,24689,1
10,15089,1
5,13426,1
14,15411,1
12,7881,1
6,3899,1
3,2043,1
5,5845,1
13,20727,1
10,12553,1
14,716,0
14,16722,1
2,7581,1
12,345,0
13,21086,1
2,14961,1
13,20367,1
7,19549,1
12,578,0
13,10288,1
11,9676,1
6,15382,1
13,2724,0
2,7164,1
12,23602,1
5,15883,1
3,2862,1
10,6512,1
2,20179,1
9,4986,1
3,16149,1
14,5038,0
2,11212,1
8,15056,1
12,3235,0
10,16593,1
8,6251,1
12,15338,1
2,15329,1
6,5300,1
9,11317,1
14,5445,0
10,15950,1
14,5249,0
2,2874,1
4,4161,1
8,6096,1
2,4037,1
3,9435,1
8,22052,1
7,10187,1
3,4490,1
14,3703,0
12,14273,1
8,21551,1
6,14607,1
3,24150,1
5,2558,1
5,16057,1
13,23916,1
14,17783,1
8,22277,1
14,4619,0
6,11754,1
8,8187,1
13,23122,1
10,13862,1
13,8376,1
5,19866,1
3,4454,1
3,15586,1
13,4365,0
12,19045,1
4,4627,1
9,21104,1
10,21455,1
4,1783,0
14,4112,0
5,10358,1
4,6960,1
11,16363,1
3,12776,1
14,22509,1
10,6076,1
14,24059,1
4,14082,1
13,6140,0
3,24627,1
10,9576,1
4,11422,1
10,23278,1
4,19982,1
7,13954,1
14,5140,0
5,19120,1
7,19191,1
5,17039,1
10,4685,0
4,23422,1
4,6248,1
13,14785,1
5,12270,1
10,15926,1
8,10990,1
12,7802,1
8,1967,0
13,8704,1
6,14782,1
5,19038,1
5,12938,1
8,5408,1
10,24000,1
14,5500,0
10,21742,1
8,18420,1
11,6084,1
5,2080,0
11,3433,0
4,1009,0
3,7616,1
11,18873,1
10,22136,1
9,8485,1
14,15575,1
2,13800,1
7,16258,1
9,13122,1
4,8641,1
8,5059,1
7,10503,1
12,7836,1
5,4537,1
5,14208,1
10,1734,0
9,20394,1
7,1156,0
11,14009,1
12,20384,1
4,21513,1
4,7690,1
12,15158,1
2,889,0
3,11306,1
11,20157,1
6,21361,1
4,5838,1
7,14559,1
13,19910,1
13,22700,1
5,8700,1
14,10169,1
5,23865,1
5,2383,0
6,21121,1
4,24523,1
7,2145,0
7,5709,1
5,10373,1
4,23766,1
5,9423,1
12,4887,0
8,3562,0
3,17424,1
4,10821,1
11,11449,1
2,5723,1
7,17404,1
8,19687,1
12,5530,0
3,914,0
10,3762,0
4,15936,1
4,9698,1
4,19726,1
4,17844,1
5,2765,1
13,646,0
5,22627,1
14,1098,0
9,4530,1
7,20450,1
8,6671,1
6,11762,1
2,12081,1
3,17818,1
6,7721,1
2,8661,1
10,24591,1
7,1709,0
14,6288,0
14,15459,1
12,16765,1
4,12091,1
6,19206,1
8,10480,1
6,4049,1
10,7304,1
4,7614,1
13,13707,1
2,13823,1
12,14163,1
8,22659,1
7,17185,1
12,21197,1
2,24197,1
7,16088,1
10,17249,1
3,6548,1
13,14347,1
14,3909,0
14,2658,0
14,18654,1
12,11154,1
6,11951,1
14,2152,0
7,21298,1
6,19836,1
14,24232,1
2,16862,1
12,21224,1
13,16921,1
12,17035,1
3,10734,1
10,12437,1
6,6626,1
4,10786,1
11,4330,0
9,20472,1
11,22610,1
11,10442,1
9,16416,1
13,13747,1
11,1123,0
12,15815,1
7,3419,1
4,6808,1
10,1534,0
11,1591,0
5,13907,1
5,24771,1
8,4438,1
4,16999,1
6,2424,0
3,12982,1
10,11878,1
4,7752,1
8,21728,1
12,19124,1
6,6995,1
7,20263,1
4,15887,1
12,19344,1
12,14099,1
2,22958,1
7,16637,1
12,24112,1
4,3193,1
11,14039,1
13,635,0
13,9346,1
8,2009,0
10,24991,1
2,13323,1
7,6115,1
13,13063,1
7,22339,1
7,18533,1
9,17050,1
7,14371,1
12,1661,0
9,21255,1
6,16732,1
7,18517,1
6,11013,1
3,20697,1
10,2049,0
5,13636,1
14,24047,1
4,16218,1
12,12564,1
14,14285,1
10,14479,1
8,8360,1
11,14672,1
5,11065,1
3,23485,1
9,18077,1
14,20873,1
2,462,0
10,12022,1
12,11310,1
2,13960,1
9,3560,0
7,5467,1
10,17051,1
2,1005,1
11,8890,1
7,20775,1
7,7190,1
9,18591,1
4,10601,1
6,6934,1
11,9607,1
5,4705,1
12,2742,0
4,13986,1
13,3577,0
12,5507,0
9,7591,1
14,12254,1
13,4511,0
5,5004,1
9,19595,1
7,12261,1
13,3079,0
6,2727,0
7,14892,1
6,18788,1
4,11668,1
11,11348,1
8,24349,1
13,24821,1
14,6834,1
6,9192,1
13,2162,0
6,22119,1
6,15322,1
4,7930,1
12,20883,1
5,20276,1
4,22621,1
13,9174,1
11,11432,1
12,4457,0
8,23749,1
5,5458,1
13,6178,0
4,3519,1
5,22409,1
7,2344,0
13,3287,0
2,545,0
2,864,0
5,6018,1
7,17314,1
3,14436,1
11,7564,1
4,12915,1
5,18711,1
10,3404,0
12,1351,0
4,7725,1
13,8757,1
14,2243,0
13,8886,1
3,10019,1
3,21951,1
6,10670,1
12,16745,1
12,22224,1
12,7601,1
7,1276,0
10,3924,0
4,10187,1
5,16099,1
7,10184,1
3,982,0
9,22875,1
6,1161,0
7,6567,1
5,704,0
8,14797,1
9,8421,1
5,8406,1
4,2682,1
12,15928,1
2,10048,1
7,9105,1
3,18854,1
14,22110,1
10,2694,0
13,5557,0
10,8627,1
3,4943,1
6,6101,1
2,9409,1
5,9116,1
8,10756,1
11,2814,0
13,20165,1
12,8378,1
12,969,0
13,3871,0
12,23207,1
7,5041,1
9,17403,1
10,11480,1
9,9764,1
14,14287,1
7,22371,1
6,21935,1
9,23225,1
5,330,0
14,6037,0
4,7678,1
11,6329,1
4,20092,1
7,18939,1
9,11419,1
12,24237,1
7,6542,1
5,12355,1
3,23179,1
12,16799,1
12,7605,1
14,19655,1
4,19302,1
14,15597,1
10,12864,1
12,12502,1
14,5028,0
10,16973,1
14,808,0
5,22826,1
10,472,0
8,2645,0
10,11473,1
14,1821,0
12,3547,0
6,7202,1
6,8739,1
5,2818,1
12,14485,1
14,7918,1
7,15996,1
3,17652,1
2,8425,1
3,12955,1
10,948,0
7,14927,1
8,7947,1
6,8155,1
14,5352,0
8,393,0
4,6338,1
3,23790,1
6,18878,1
14,9243,1
12,10397,1
5,16916,1
3,5056,1
8,16599,1
12,22422,1
9,21801,1
3,3502,1
9,24708,1
3,2847,1
5,8089,1
6,18576,1
14,24728,1
13,10488,1
13,13525,1
7,23468,1
12,5638,0
4,4584,1
4,22614,1
9,21992,1
8,4366,1
6,7764,1
2,21900,1
11,1024,0
2,24811,1
5,5632,1
14,19390,1
10,15835,1
13,24874,1
2,17574,1
5,14451,1
3,5271,1
2,22054,1
8,17957,1
9,10161,1
4,9062,1
8,24700,1
5,7722,1
14,21956,1
14,16545,1
12,1441,0
4,4712,1
11,23610,1
8,3275,0
7,14608,1
5,22875,1
13,9154,1
5,18693,1
3,7683,1
8,5257,1
2,8559,1
13,24585,1
6,11018,1
4,7357,1
7,16660,1
8,4914,1
14,19887,1
8,6043,1
2,14033,1
3,15268,1
2,19615,1
7,16487,1
8,2018,0
3,3549,1
3,24295,1
5,2503,1
10,21128,1
10,12308,1
5,2574,1
14,24647,1
3,8322,1
8,20645,1
14,2639,0
14,6789,1
14,4146,0
8,14014,1
8,11956,1
8,5876,1
6,18044,1
5,17491,1
2,11688,1
6,17562,1
6,17207,1
11,3841,0
9,5169,1
5,24475,1
3,22289,1
10,18413,1
6,15308,1
11,20742,1
10,5750,1
5,677,0
2,15684,1
8,10851,1
13,4653,0
4,18380,1
5,6466,1
4,11237,1
14,21355,1
5,17198,1
13,20681,1
8,17470,1
4,9050,1
12,9474,1
8,12524,1
6,10728,1
2,13087,1
7,19370,1
8,10017,1
14,22100,1
5,7968,1
4,21807,1
2,20991,1
14,24599,1
10,7869,1
13,16509,1
9,5690,1
7,23297,1
8,13886,1
13,14862,1
8,9105,1
9,18669,1
3,2875,1
2,20865,1
2,9807,1
6,5894,1
6,20283,1
4,21301,1
6,1714,0
5,11868,1
10,6729,1
7,719,0
3,20155,1
13,21725,1
5,8742,1
10,13861,1
10,22932,1
7,13339,1
9,22820,1
11,2659,0
11,24248,1
10,3959,0
10,10623,1
13,8564,1
5,18141,1
7,17964,1
10,13293,1
14,7482,1
3,18476,1
9,15530,1
5,2188,0
3,2899,1
11,13333,1
13,15453,1
9,17121,1
9,16357,1
7,12642,1
11,17421,1
6,21964,1
10,3442,0
5,17397,1
7,6178,1
7,1874,0
4,10157,1
2,15155,1
6,5096,1
2,19641,1
7,17721,1
11,12514,1
4,3316,1
4,6608,1
13,23816,1
2,21419,1
13,17061,1
3,12284,1
9,20015,1
10,16647,1
3,14625,1
7,13574,1
5,4207,1
13,21667,1
9,19072,1
5,14428,1
13,10637,1
8,12416,1
3,11596,1
11,19943,1
9,15564,1
12,7414,1
8,5343,1
5,14210,1
8,10178,1
7,20448,1
6,9298,1
11,763,0
12,479,0
3,4370,1
9,9840,1
12,11683,1
12,1980,0
11,1724,0
5,10335,1
12,17620,1
2,8358,1
6,10481,1
14,2176,0
4,3527,1
5,24390,1
9,20291,1
5,4411,1
8,13522,1
13,8790,1
6,17298,1
3,5139,1
10,931,0
10,15850,1
3,20798,1
9,22703,1
13,12461,1
9,6645,1
10,22911,1
4,14739,1
14,17068,1
8,4085,1
12,22189,1
9,15708,1
2,23153,1
11,11376,1
9,3149,0
13,24585,1
13,13232,1
12,3073,0
2,14769,1
11,16177,1
13,985,0
14,15406,1
8,7677,1
9,9468,1
10,4079,0
14,6624,0
11,23055,1
13,13337,1
13,21405,1
11,14080,1
7,12783,1
6,22093,1
2,11622,1
3,9647,1
2,15153,1
10,7505,1
3,5772,1
5,2819,1
12,9510,1
8,7637,1
9,24085,1
9,19891,1
3,21302,1
2,17932,1
13,14364,1
6,11682,1
3,21598,1
8,20061,1
13,4735,0
10,11730,1
5,13598,1
3,12128,1
10,14792,1
13,9298,1
2,4888,1
14,13787,1
8,1918,0
5,24644,1
5,16390,1
6,1905,0
13,21691,1
2,1008,1
10,16395,1
6,21344,1
7,19480,1
2,17370,1
10,1963,0
5,13574,1
5,21930,1
3,14018,1
7,3817,1
7,11541,1
13,6041,0
8,382,0
9,16331,1
6,6361,1
6,853,0
3,18594,1
6,24198,1
10,20647,1
10,24490,1
8,14429,1
5,3141,1
11,14629,1
12,7172,1
14,4152,0
6,4893,1
7,5057,1
11,18754,1
3,20482,1
11,8235,1
11,3934,0
5,11422,1
8,4046,1
3,1094,0
8,11261,1
5,19834,1
4,24880,1
8,10895,1
12,22974,1
12,13787,1
11,12717,1
4,21657,1
9,419,0
12,10114,1
6,7204,1
5,9919,1
7,9858,1
10,14430,1
2,20558,1
10,20321,1
8,8908,1
11,12515,1
2,15493,1
2,836,0
2,3817,1
9,1890,0
9,18210,1
5,16257,1
5,21375,1
9,24910,1
7,12463,1
8,1017,0
11,2333,0
3,10974,1
11,17444,1
11,5716,1
7,4713,1
10,4292,0
3,16813,1
7,7841,1
10,19323,1
3,2959,1
4,23090,1
14,8118,1
6,3649,1
12,17436,1
9,13840,1
7,21303,1
8,1853,0
13,4005,0
4,7866,1
10,9045,1
4,2554,1
6,18213,1
5,496,0
3,18603,1
3,23360,1
7,5788,1
3,21665,1
4,4832,1
3,3427,1
9,19799,1
13,9359,1
11,6467,1
10,12442,1
12,14014,1
14,11740,1
14,10560,1
6,11329,1
2,20804,1
8,24372,1
12,15205,1
6,12197,1
3,13600,1
4,16851,1
5,14233,1
6,15114,1
4,1487,0
3,1902,1
14,18144,1
2,8042,1
7,13526,1
2,5348,1
10,17732,1
10,23398,1
11,22479,1
11,16326,1
3,19558,1
9,4981,1
5,17163,1
13,18637,1
2,17747,1
3,15087,1
3,18760,1
2,6727,1
6,2310,0
8,13693,1
11,16178,1
6,18114,1
12,22701,1
9,5755,1
3,10310,1
3,12589,1
6,4567,1
2,17686,1
7,11235,1
5,10767,1
5,17216,1
10,13809,1
12,3012,0
13,8497,1
4,9460,1
8,24784,1
3,18076,1
9,7770,1
14,1760,0
12,10411,1
13,8287,1
11,7474,1
6,12981,1
6,7342,1
2,8223,1
3,13664,1
13,17304,1
12,12485,1
6,3682,1
3,15907,1
6,7736,1
12,6929,1
2,5026,1
14,24592,1
10,15469,1
3,12130,1
2,4492,1
12,17780,1
10,7008,1
7,14679,1
8,14526,1
12,8259,1
2,605,0
7,7455,1
7,5817,1
10,22167,1
13,8880,1
6,24071,1
9,23655,1
7,9587,1
4,5527,1
9,6843,1
8,21510,1
2,16338,1
14,17831,1
4,2168,1
12,10322,1
10,19398,1
10,8805,1
10,4482,0
11,6818,1
2,17590,1
2,22684,1
2,10974,1
7,16407,1
12,13635,1
7,7760,1
4,8098,1
7,1119,0
12,1233,0
7,13567,1
3,7499,1
8,3059,0
12,12892,1
3,4922,1
10,7826,1
10,16813,1
7,8880,1
7,20137,1
9,11293,1
8,14073,1
4,17779,1
6,19499,1
10,20248,1
8,13803,1
10,14298,1
7,19740,1
11,5733,1
5,3674,1
13,23440,1
6,24231,1
13,4796,0
10,12172,1
12,18642,1
7,19774,1
10,15945,1
9,15085,1
2,4605,1
6,5740,1
12,20473,1
3,8267,1
7,1144,0
12,21278,1
9,7554,1
8,21512,1
3,22728,1
9,9420,1
4,15813,1
13,1506,0
7,9781,1
8,17691,1
3,13252,1
2,16644,1
14,10522,1
6,21731,1
2,21254,1
9,18492,1
9,24580,1
13,14091,1
10,9291,1
5,6459,1
3,9385,1
4,13096,1
4,23592,1
3,9116,1
3,23557,1
9,20580,1
11,3835,0
12,14011,1
12,6684,1
11,8372,1
5,9244,1
4,9779,1
2,5769,1
9,19969,1
5,19417,1
8,14852,1
4,16180,1
2,14505,1
8,8639,1
12,5934,1
8,20725,1
6,8800,1
6,21693,1
6,4953,1
2,14077,1
3,1219,0
7,8553,1
5,8542,1
4,23479,1
9,1482,0
11,18785,1
10,9744,1
12,5165,0
8,19142,1
6,15990,1
4,13476,1
5,20402,1
11,12426,1
11,3453,0
10,9249,1
9,9020,1
7,24060,1
9,18952,1
12,12442,1
3,23656,1
7,1391,0
13,19629,1
3,13582,1
5,22514,1
11,9887,1
11,20390,1
7,22492,1
5,3393,1
2,21646,1
10,14945,1
10,24117,1
9,19232,1
11,750,0
2,15498,1
2,7569,1
8,2945,0
11,16250,1
8,23365,1
14,21563,1
9,11171,1
7,18009,1
5,14803,1
10,13851,1
7,8447,1
8,3388,0
3,24996,1
13,6904,1
3,2356,1
6,421,0
11,21820,1
9,22956,1
6,7783,1
6,2863,0
10,3709,0
4,23177,1
13,5182,0
12,23796,1
6,6577,1
9,7573,1
5,10970,1
12,8865,1
9,19152,1
6,4951,1
2,11047,1
13,9688,1
12,5926,1
11,9654,1
8,15547,1
5,19991,1
10,18617,1
10,2901,0
3,1138,0
9,12535,1
6,11961,1
6,14940,1
11,14365,1
14,22466,1
8,21570,1
14,7490,1
5,16221,1
7,11722,1
12,24699,1
11,12585,1
11,17890,1
14,10904,1
10,1880,0
13,11483,1
2,15685,1
9,13275,1
7,20804,1
13,23514,1
7,23013,1
9,22695,1
10,14538,1
9,11937,1
7,5106,1
3,6375,1
14,2104,0
6,11264,1
3,3881,1
5,21505,1
6,17431,1
9,9763,1
6,13919,1
9,2811,0
6,12903,1
10,941,0
12,12728,1
10,12806,1
4,10055,1
8,19891,1
5,6234,1
6,13801,1
9,19117,1
14,18616,1
3,4760,1
12,5641,0
11,11523,1
14,17652,1
12,21299,1
2,11603,1
12,8357,1
2,11398,1
2,3470,1
4,6280,1
2,10238,1
12,17730,1
4,6130,1
8,20924,1
7,14388,1
11,12207,1
12,15464,1
12,14898,1
11,13308,1
7,1340,0
9,12886,1
11,14073,1
10,19116,1
9,23060,1
6,23775,1
4,9017,1
10,24876,1
10,18575,1
9,7592,1
13,19022,1
8,1839,0
14,3030,0
7,10073,1
14,16439,1
8,897,0
8,8204,1
5,19399,1
6,19879,1
9,10663,1
12,11917,1
13,6439,1
13,10591,1
6,21807,1
3,2847,1
13,24284,1
14,14780,1
7,1247,0
2,21989,1
11,8449,1
13,8781,1
14,17153,1
6,13121,1
5,658,0
2,648,0
11,12616,1
3,6803,1
13,24465,1
9,2831,0
7,16432,1
12,8572,1
8,4780,1
6,15011,1
13,23893,1
8,4691,1
2,18818,1
10,16715,1
5,6815,1
8,1424,0
12,24944,1
11,14625,1
14,21804,1
3,22810,1
5,12250,1
8,17019,1
4,11387,1
8,13981,1
2,18437,1
14,23006,1
2,14799,1
9,24529,1
9,8916,1
4,5796,1
2,1808,1
14,12361,1
2,12155,1
14,10643,1
2,11465,1
6,2792,0
11,15744,1
6,23720,1
12,20442,1
9,5353,1
5,12185,1
7,7556,1
13,18784,1
6,1768,0
14,24100,1
13,24415,1
3,19749,1
14,17617,1
6,16382,1
10,8772,1
2,6794,1
9,23723,1
7,2177,0
4,17809,1
6,8613,1
9,19931,1
9,5822,1
8,5947,1
6,23551,1
7,24033,1
7,15245,1
5,23431,1
2,12075,1
7,4347,1
7,10400,1
5,19890,1
9,21243,1
2,15450,1
14,3477,0
13,4084,0
7,8640,1
5,6000,1
13,17193,1
9,18328,1
14,11855,1
2,2898,1
9,8542,1
11,7827,1
7,8356,1
12,3378,0
7,21977,1
6,14278,1
10,14028,1
10,23390,1
5,3248,1
5,10644,1
13,839,0
10,4956,1
3,13912,1
3,17102,1
4,19618,1
14,9684,1
9,10911,1
14,1358,0
14,6668,0
3,21405,1
9,8521,1
12,3840,0
10,7295,1
10,10062,1
14,24286,1
13,4500,0
4,2413,1
13,22718,1
8,8716,1
7,12489,1
5,20104,1
8,11574,1
14,409,0
11,11917,1
5,23030,1
12,802,0
6,22110,1
14,3632,0
6,653,0
11,20472,1
13,3185,0
7,8735,1
9,13076,1
9,2380,0
9,19053,1
14,15544,1
5,6460,1
6,2204,0
8,17581,1
14,10755,1
13,16150,1
5,12693,1
4,14754,1
3,14909,1
3,13215,1
3,23649,1
6,8958,1
8,9339,1
13,3805,0
14,19078,1
7,19286,1
3,11731,1
10,1323,0
5,3637,1
4,16929,1
4,23222,1
9,4701,1
9,18385,1
4,995,0
14,5538,0
8,21050,1
7,10816,1
14,14754,1
7,11928,1
14,11385,1
5,8330,1
5,18958,1
